"record_id","title","authors","year","venue","source_database","doi","url","peer_review_status","document_type","screening_title_abstract","screening_full_text","exclusion_reason","model_category","llm_name_or_family","nmt_or_mt_system","workflow_stage","translation_task","language_pairs","domain","dataset_or_corpus","evaluation_metrics","human_evaluation","professional_translators_involved","participant_count","prompt_reported","code_available","data_available","main_findings","limitations","reproducibility_notes","ethics_or_privacy_notes","taxonomy_tags","notes"
"S001","A survey of context in neural machine translation and its evaluation","Sheila Castilho; Rebecca Knowles","2024","Natural Language Processing","Cambridge Core","","https://www.cambridge.org/core/journals/natural-language-processing/article/survey-of-context-in-neural-machine-translation-and-its-evaluation/875C3E2DEAAB8845A0F05988D5A18B55","peer-reviewed","survey paper","include","include_for_background_and_citation_chaining","","NMT; LLM","LLMs discussed as recent development","context-aware NMT; document-level MT","document-level/context/evaluation","context-aware machine translation and evaluation","various","general MT","survey literature","survey synthesis; MT evaluation concepts","yes in reviewed literature","varies","not applicable","not applicable","not applicable","not applicable","Maps context in NMT and evaluation and includes a section on LLMs for translation and evaluation.","Not focused specifically on workflow-level LLM augmentation; use as adjacent target-journal benchmark.","Useful model for target-journal survey structure.","Discusses community and evaluation concerns indirectly.","document-level context; evaluation; background survey","Target-journal exemplar; use to calibrate scope and article style."
"S002","Large Language Models Are State-of-the-Art Evaluators of Translation Quality","Tom Kocmi; Christian Federmann","2023","EAMT","ACL Anthology","","https://aclanthology.org/2023.eamt-1.19/","peer-reviewed","conference paper","include","include_for_full_review","","LLM evaluator","GPT-3.5; ChatGPT; GPT-family","WMT22 MT systems","quality assessment/evaluation","reference-based and reference-free MT quality assessment","English-German; English-Russian; Chinese-English","general WMT evaluation","WMT22 Metrics shared task","MQM-based human labels; system-level accuracy; prompt variants","yes; MQM labels used","not reported in abstract","not reported","yes","yes","yes","GEMBA shows GPT-based prompting can achieve strong system-level translation quality assessment compared with MQM human labels.","Segment-level performance and dependence on proprietary GPT models require caution; later studies challenge and extend this line.","Code, prompt templates, and scores reportedly released.","Potential risk of black-box evaluator replacing human judgment without transparency.","quality assessment; LLM-as-evaluator; MQM; reproducibility","Core seed for evaluation cluster."
"S003","GEMBA-MQM: Detecting Translation Quality Error Spans with GPT-4","Tom Kocmi; Christian Federmann","2023","WMT","ACL Anthology","10.18653/v1/2023.wmt-1.64","https://aclanthology.org/2023.wmt-1.64/","peer-reviewed","conference paper","include","include_for_full_review","","LLM evaluator","GPT-4","WMT MT systems","quality assessment/error span detection","reference-free quality estimation and MQM error span detection","language-agnostic prompt; WMT-related pairs","general MT evaluation","WMT Metrics/MQM setting","MQM error spans; system ranking accuracy","yes; MQM comparison","not reported in abstract","not reported","yes","not clear","not clear","GPT-4 can mark translation error spans using fixed few-shot prompting and perform strongly for system ranking.","Authors warn against overuse for academic comparisons because it relies on proprietary black-box GPT-4.","Prompt described; model is closed-source and version-sensitive.","Black-box dependence and possible over-trust in automated evaluation.","quality assessment; error spans; MQM; black-box LLM","Important for reproducibility and ethics discussion."
"S004","Leveraging GPT-4 for Automatic Translation Post-Editing","Vikas Raunak; Amr Sharaf; Yiren Wang; Hany Awadalla; Arul Menezes","2023","Findings of EMNLP","ACL Anthology","10.18653/v1/2023.findings-emnlp.804","https://aclanthology.org/2023.findings-emnlp.804/","peer-reviewed","conference paper","include","include_for_full_review","","NMT + LLM post-editor","GPT-4","state-of-the-art NMT/WMT22 systems","automatic post-editing","direct translation post-editing of NMT outputs","English-Chinese; English-German; Chinese-English; German-English","general WMT benchmark","WMT22 benchmark","state-of-the-art MT quality metrics; human edit trustworthiness evaluation","yes","not specified from abstract","not reported","yes or partly via task formalization","not clear","not clear","GPT-4 post-editing improves NMT outputs and removes some major errors; human evaluation suggests improved edit trustworthiness.","GPT-4 can hallucinate edits, so expert post-editor use requires caution.","Closed model and prompt/version details need full extraction.","Hallucinated edits are directly relevant to workflow safety.","automatic post-editing; hallucination; human evaluation; NMT+LLM","Core APE seed."
"S005","Guiding Large Language Models to Post-Edit Machine Translation with Error Annotations","Dayeon Ki; Marine Carpuat","2024","Findings of NAACL","ACL Anthology","10.18653/v1/2024.findings-naacl.265","https://aclanthology.org/2024.findings-naacl.265/","peer-reviewed","conference paper","include","include_for_full_review","","NMT + open LLM post-editor","LLaMA-2","supervised MT outputs with MQM annotations","automatic post-editing/error-guided post-editing","LLM post-editing guided by MQM-style error annotations","Chinese-English; English-German; English-Russian","general MT/MQM data","MQM data","TER; BLEU; COMET; human evaluation","yes","not reported in abstract","not reported","yes","not clear","not clear","Prompting LLMs with external quality feedback can improve post-editing; fine-tuning helps integrate fine-grained feedback more effectively.","Fine-grained feedback benefits are not always clear; open-source LLMs still need tuning and careful evaluation.","Uses open LLaMA-2, improving reproducibility relative to GPT-only work.","No major human-subject privacy issue apparent from abstract.","automatic post-editing; error annotation; MQM; open LLM","Strong bridge between quality assessment and post-editing clusters."
"S006","Large Language Models Effectively Leverage Document-level Context for Literary Translation but Critical Errors Persist","Marzena Karpinska; Mohit Iyyer","2023","WMT","ACL Anthology","","https://aclanthology.org/2023.wmt-1.41/","peer-reviewed","conference paper","include","include_for_full_review","","LLM direct translator/context user","GPT-3.5/text-davinci-003","standard sentence-by-sentence MT baseline implied","document-level translation/human evaluation","paragraph-level literary translation using document context","18 language pairs including Japanese, Polish, and English directions","literary translation","released dataset and error annotations","human evaluation; error annotations","yes","not reported in abstract","not reported","prompt likely reported; verify full text","not clear","yes","Paragraph-level prompting helps LLMs exploit document context for literary translation quality.","Critical errors persist, showing document context does not remove reliability concerns.","Dataset and error annotations reportedly released.","Critical errors in literary/domain-sensitive translation are workflow safety issue.","document-level context; literary translation; critical errors; human evaluation","Important for context and domain-sensitive translation sections."
"S007","Contextual Refinement of Translations: Large Language Models for Sentence and Document-Level Post-Editing","Sai Koneru; Miriam Exel; Matthias Huck; Jan Niehues","2024","NAACL","ACL Anthology","10.18653/v1/2024.naacl-long.148","https://aclanthology.org/2024.naacl-long.148","peer-reviewed","conference paper","include","include_for_full_review","","NMT + LLM post-editor","open-source LLMs; Q-LoRA fine-tuned LLMs","NMT outputs; ContraPro-related setup","contextual post-editing","sentence-level and document-level post-editing","English-German highlighted; likely additional pairs","document/context-aware MT","ContraPro and document-level translation data","BLEU; COMET; ContraPro accuracy","not clear from abstract","not reported","not reported","yes","not clear","not clear","Adapting LLMs as automatic post-editors can exploit context; fine-tuning may improve BLEU while degrading COMET compared with in-context learning.","Metric disagreement between BLEU and COMET complicates evaluation; open LLMs may not be direct MT SOTA.","Open-source model use helps, but full fine-tuning details need extraction.","No direct privacy issue apparent from abstract.","contextual post-editing; metric disagreement; document-level MT","Key evidence for evaluation mismatch."
"S008","Comparative Evaluation of Large Language Models for Linguistic Quality Assessment in Machine Translation","Daria Sinitsyna; Konstantin Savenkov","2024","AMTA","ACL Anthology","","https://aclanthology.org/2024.amta-presentations.12/","peer-reviewed","conference presentation paper","include","include_for_full_review","","LLM evaluator ensemble/pipeline","GPT-4; GPT-4o; GPT-4 Turbo; Google Vertex; Claude 3; Llama-3","MT outputs from State of MT Report datasets","linguistic quality assessment","segment-wise MQM-style LQA and model ranking","English-Spanish; English-Chinese; English-German; English-Portuguese","eight domains","2024 State of MT Report datasets","human judgment correlation; DQF-MQM penalties; issue presence/type/severity","yes","likely professional LQA setup; verify full text","not reported","yes","not clear","not clear","Compares multiple closed and open LLMs for MQM-style LQA and proposes weighted multi-model LQA pipeline.","Industry-style data may limit transparency; model APIs are version-sensitive.","Prompts and data availability need full-text extraction.","Potential risk of automating MT review decisions with proprietary models.","linguistic quality assessment; MQM; multi-model pipeline; industry workflow","Useful for practical workflow section."
"S009","Automatic Post-Editing of MT Output Using Large Language Models","Blanca Vidal; Albert Llorens; Juan Alonso","2022","AMTA","ACL Anthology","","https://aclanthology.org/2022.amta-upg.7/","peer-reviewed","conference presentation/user-provider paper","include","include_for_full_review","","NMT + LLM post-editor/direct translator","GPT-3","ULG NMT production system","automatic post-editing/terminology","post-edit NMT output and translate with glossary prompting","English-Spanish","production/localization use case","ULG MT production use case","adequacy; terminology consistency; qualitative/experimental results","not clear from abstract","not clear","not reported","yes","not clear","not clear","Early GPT-3 experiments show promise for post-editing and glossary-based translation but need fine-tuning and prompt/parameter adjustment.","Likely small use-case study; may lack standardized metrics or public data.","Production setting may reduce data openness.","Potential data/privacy constraints in production translation workflows.","automatic post-editing; terminology; production workflow; GPT-3","Early workflow-oriented seed."
"S010","Domain Terminology Integration into Machine Translation: Leveraging Large Language Models","Yasmin Moslem; Gianfranco Romani; Mahdi Molaei; John D. Kelleher; Rejwanul Haque; Andy Way","2023","WMT","ACL Anthology","10.18653/v1/2023.wmt-1.82","https://aclanthology.org/2023.wmt-1.82/","peer-reviewed","shared-task system paper","include","include_for_full_review","","NMT + LLM synthetic data + LLM post-editor","LLMs not specified in seed abstract; verify full text","generic encoder-decoder MT model","terminology/automatic post-editing","terminology-constrained MT with synthetic bilingual terminology data and LLM post-editing","German-English; English-Czech; Chinese-English","specialized terminology domains","WMT 2023 Terminology Shared Task","shared-task terminology metrics; term adherence; MT quality metrics","not clear from abstract","not reported","not reported","yes","not clear","shared-task data likely available","LLMs support terminology integration by generating synthetic bilingual data and post-editing outputs missing required terms.","System-paper scope may focus on shared-task performance rather than workflow/user outcomes.","Shared-task setting improves comparability but model/prompt details need extraction.","Terminology constraints matter for high-stakes specialized domains.","terminology control; synthetic data; shared task; NMT+LLM","Key terminology cluster seed."
"S011","Error Analysis Prompting Enables Human-Like Translation Evaluation in Large Language Models","Qingyu Lu; Baopu Qiu; Liang Ding; Kanjian Zhang; Tom Kocmi; Dacheng Tao","2024","Findings of ACL","ACL Anthology","","https://aclanthology.org/2024.findings-acl.520/","peer-reviewed","conference paper","include","include_for_full_review","","LLM evaluator","ChatGPT/GPT-style generative LLMs","MT outputs","quality assessment/error analysis","MQM-inspired explainable MT evaluation at system and segment levels","not specified in search snippet","general MT evaluation","likely WMT/MQM evaluation data; verify full text","MQM; system-level and segment-level evaluation; error analysis prompting","yes; aligns with human evaluation framework","not reported","not reported","yes","not clear","not clear","Error Analysis Prompting combines chain-of-thought and MQM-style error analysis to improve explainable MT evaluation, including segment-level reliability.","May inherit limitations of LLM reasoning prompts and possible instability across model versions.","Prompt details likely central; code/data availability need extraction.","LLM-generated rationales may appear human-like without being reliable.","quality assessment; error analysis; MQM; explainability","Key follow-up to GEMBA."
"S012","MQM-APE: Toward High-Quality Error Annotation Predictors with Automatic Post-Editing in LLM Translation Evaluators","Qingyu Lu; Liang Ding; Kanjian Zhang; Jinxia Zhang; Dacheng Tao","2025","COLING","ACL Anthology","","https://aclanthology.org/2025.coling-main.374/","peer-reviewed","conference paper","include","include_for_full_review","","LLM evaluator + LLM post-editor","LLMs not specified in seed abstract; verify full text","MT outputs","quality assessment/automatic post-editing","LLM error annotation filtered by post-editing and pairwise quality verification","not specified in search snippet","general MT evaluation","MQM/GEMBA-MQM-related setting","MQM error annotation quality; post-editing impact; pairwise verification","yes; human annotation alignment implied","not reported","not reported","yes","not clear","not clear","MQM-APE filters non-impactful predicted errors by using LLMs as evaluator, post-editor, and pairwise verifier.","Training-free multi-role LLM framework may compound evaluator bias and model self-confirmation.","Need full extraction of model, prompt, and released artifacts.","Automated feedback loops may amplify LLM judgment errors.","quality assessment; automatic post-editing; error annotation; multi-role LLM","Important for evaluator-editor loop taxonomy."
"S013","IRB-MT at WMT25 Terminology Translation Task: Metric-guided Multi-agent Approach","Ivan Grubisic; Damir Korencic","2025","WMT","ACL Anthology","10.18653/v1/2025.wmt-1.110","https://aclanthology.org/2025.wmt-1.110/","peer-reviewed","shared-task system paper","include","include_for_full_review","","multi-agent LLM workflow","small open-weight LLMs","terminology-aware MT setting","terminology/multi-agent workflow","metric-guided multi-agent translation revision for terminology-aware MT","not specified in search snippet","science and law mentioned as motivating specialized domains","WMT25 Terminology Translation Task","MetricX-24; custom TSR terminology metric","not clear from abstract","not reported","not reported","yes","not clear","shared-task data likely available","Open-weight LLM agents plus terminology-aware metrics can support translation revision without data-heavy fine-tuning.","Official ACL Anthology metadata verified on 2026-06-11; shared-task system may not evaluate real translator interaction.","Open-weight models improve reproducibility if prompts/configs are reported.","Agentic workflows raise accountability and error propagation questions.","terminology; multi-agent workflow; metric-guided revision; open-weight LLM","Adds agentic translation workflow category."
"S014","The LegISTyr Test Set: Investigating Off-the-Shelf Instruction-Tuned LLMs for Terminology-Constrained Translation in a Low-Resource Language Variety","Paolo Di Natale; Egon W. Stemle; Elena Chiocchetti; Marlies Alber; Natascia Ralli; Isabella Stanizzi; Elena Benini","2025","TermTrends","ACL Anthology","","https://aclanthology.org/2025.termtrends-1.1/","peer-reviewed","conference/workshop paper","include","include_for_full_review","","LLM vs NMT comparison","Tower; EuroLLM; LLaMA-8B; Mistral-7B","MarianMT; ModernMT with/without glossary","terminology/low-resource translation","terminology-constrained translation in low-resource language variety","Italian to South Tyrolean standard German","legal domain; low-resource language variety","LegISTyr test set of 2000 Italian sentences","terminology adherence; model comparison metrics; verify full text","not clear from abstract","not reported","not reported","yes","not clear","yes; test set released","Releases a curated legal-domain terminology test set and compares instruction-tuned LLMs with NMT glossary systems.","Narrow language variety and legal domain may limit generalizability but is valuable for gap analysis.","Dataset release improves reproducibility; full metric details need extraction.","Legal translation raises high-stakes terminology accuracy concerns.","terminology; low-resource; legal translation; benchmark","Strong evidence for low-resource and specialized-domain gaps."
"S015","LangMark: A Multilingual Dataset for Automatic Post-Editing","Diego Velazquez; Mikaela Grace; Konstantinos Karageorgos; Lawrence Carin; Aaron Schliem; Dimitrios Zaikis; Roger Wechsler","2025","ACL","ACL Anthology","10.18653/v1/2025.acl-long.1569","https://aclanthology.org/2025.acl-long.1569/","peer-reviewed","conference paper/dataset paper","include","include_for_full_review","","APE dataset + LLM post-editor","LLMs with few-shot prompting","leading commercial/proprietary MT systems","dataset/automatic post-editing","multilingual automatic post-editing of NMT/commercial MT output","English to Brazilian Portuguese; French; German; Italian; Japanese; Russian; Spanish","general or mixed; verify full text","LangMark: 206983 source-MT-postedit triplets","APE performance metrics; comparison to commercial/proprietary MT systems","yes; expert human linguist annotations","yes; expert human linguists","not reported in abstract","yes","not clear","yes","LangMark provides a large multilingual human-annotated APE dataset and shows LLM few-shot prompting can improve APE.","May center English-to-X language directions; dataset/domain composition needs extraction.","Dataset release is major reproducibility asset; model/prompt details need full extraction.","Human annotation labor and data licensing should be checked.","automatic post-editing; dataset; multilingual; human annotation","High-priority dataset seed."
"S016","Enhancing Large Language Models for Document-Level Translation Post-Editing Using Monolingual Data","Zongyao Li; Zhiqiang Rao; Hengchao Shang; Jiaxin Guo; Shaojun Li; Daimeng Wei; Hao Yang","2025","COLING","ACL Anthology","","https://aclanthology.org/2025.coling-main.591/","peer-reviewed","conference paper","include","include_for_full_review","","NMT + LLM post-editor","LLMs not specified in seed abstract; verify full text","bidirectional NMT models generating pseudo-document data","document-level post-editing","LLM-based APE for document-level NMT using monolingual data","not specified in search snippet","document-level MT","document-level monolingual data; pseudo-document training data","MT quality metrics; context consistency; tense/reference consistency","not clear from abstract","not reported","not reported","yes","not clear","not clear","Uses source-to-target and target-to-source NMT to create pseudo-document APE data, improving document-level consistency with only monolingual data.","Pseudo-data may create training/inference mismatch; language/domain coverage needs extraction.","Reproducibility depends on availability of models, pseudo-data generation details, and prompts.","No direct privacy issue apparent from abstract.","document-level post-editing; monolingual data; pseudo data; context consistency","Strong evidence for document-level APE taxonomy."
"C001","Assistance or Distraction? A Cognitive Ergonomics Perspective on Cognitive Load During AI-Assisted Post-Editing","Yao Yao; Tianyi Han; Dechao Li","2026","International Journal of Human-Computer Interaction","Taylor & Francis","10.1080/10447318.2026.2628994","https://doi.org/10.1080/10447318.2026.2628994","peer-reviewed","journal article","include","include_for_full_review_metadata_pending","","LLM-assisted human workflow","LLM/GenAI assistant; verify exact model in full text","AI-assisted post-editing workflow","AI-assisted post-editing/cognitive load","LLM suggestions and rationales for post-editing","not specified in search snippet","translation workflow; professional/expert workflow context","study materials to verify","eye-tracking; key-logging; subjective ratings; retrospective interviews; cognitive load indicators","yes","not clear from search result","not reported in search result","likely yes; verify full text","not clear","supplemental data reported","AI-assisted post-editing may reduce overall cognitive load while increasing localized cognitive engagement and decision-making effort.","Task context and assistance intensity matter; model and participant details need full extraction.","Supplemental data reported; verify access and exact instruments.","Metadata remains pending after public DOI/title spot-check on 2026-06-11; do not rely on ethics/full-text details until official page is supplied.","human-AI collaboration; cognitive load; AI-assisted post-editing; eye-tracking; keylogging","High-priority human workflow evidence if verified; replacement may be needed."
"C002","Impact of Syntactic Complexity on the Processes and Performance of Large Language Models-leveraged Post-editing","Longhui Zou; Michael Carl; Shaghayegh Momtaz; Mehdi Mirzapour","2024","AMTA","ACL Anthology","","https://aclanthology.org/2024.amta-presentations.19/","peer-reviewed","conference presentation paper","include","include_for_full_review","","LLM-generated MT + human post-editing","GPT-4","raw GPT-4 translations edited in CAT tool","LLM-leveraged post-editing/translator interaction","post-editing GPT-4 output from English to simplified Chinese","English-Chinese","ATA certification-style texts; general/professional translation","four English source texts from ATA certification examinations","syntactic complexity metrics; PE process/performance measures","yes","yes; 16 expert translators plus 30 student translators","46","not clear","not clear","not clear","Examines how syntactic complexity affects human translators' PE process and performance when editing GPT-4 output in Trados.","Short presentation paper may provide limited methodological detail and limited generalizability.","Need full PDF extraction for exact process metrics and data availability.","Human participant experiment; ethics/consent details need verification.","translator interaction; syntactic complexity; GPT-4 post-editing; CAT tool","Strong bridge between NLP workflow and translation process research."
"C003","Prompting Large Language Models with Human Error Markings for Self-Correcting Machine Translation","Nathaniel Berger; Stefan Riezler; Miriam Exel; Matthias Huck","2024","EAMT/arXiv","ACL Anthology/arXiv","","https://arxiv.org/abs/2406.02267","peer-reviewed/preprint_to_verify","conference paper/preprint","include","include_for_full_review","","human-in-the-loop LLM correction","LLM not specified in search snippet; verify full text","MT plus PE translation memory","human error marking/self-correcting MT","translator marks errors, then PE-TM examples prompt LLM correction","not specified in search snippet","technical domains","post-editing translation memory (PE-TM)","term translation quality; improvements over APE and MT from scratch","human marking simulated or actual; verify full text","human translator role in workflow; verify participants","not reported in search snippet","yes","not clear","not clear","Human error markings can guide an LLM to focus corrections and improve specialized terminology consistency over APE and MT from scratch.","Additional human marking effort may limit workflow efficiency; pilot nature limits evidence strength.","Final venue metadata and artifacts need verification.","Human-in-the-loop responsibility and effort trade-off should be discussed.","human-in-the-loop; error marking; translation memory; terminology; self-correction","Important for interactive workflow taxonomy."
"C004","GenAI as a translation assistant? A corpus-based study on lexical and syntactic complexity of GPT-post-edited learner translation","Kwok H. L.; Shi Y.; Xu H.; Li D.; Liu K.","2025","System","ScienceDirect/PolyU","10.1016/j.system.2025.103618","https://doi.org/10.1016/j.system.2025.103618","peer-reviewed","journal article","include","include_for_full_review","","GenAI/GPT post-editing assistant","GPT; likely ChatGPT/GPT-3.5 series; verify full text","learner translations","learner translation/GPT post-editing","GPT post-editing of second-language learner translations","not specified in search snippet; Hong Kong student context","translation education; learner translation","learner translation corpus","lexical complexity; syntactic complexity","yes; learner-produced translations","no; student translators/learners","not reported in search snippet","not clear","not clear","not clear","GPT post-editing improves lexical complexity but has inconsistent effects on syntactic complexity.","Education-oriented and may be less central to NLP workflow engineering; participant/task details need extraction.","Data/code availability need verification.","AI literacy emphasized; education and competence implications.","learner translation; GPT post-editing; translation education; complexity","Include but tag as education/learner evidence."
"C006","Examining cognitive load in human-machine collaborative translation: insights from eye-tracking experiments of Chinese-English translation","Lei Chen","2025","Frontiers in Psychology","Frontiers/PMC","10.3389/fpsyg.2025.1570929","https://doi.org/10.3389/fpsyg.2025.1570929","peer-reviewed","journal article","include","include_for_full_review","","MT-assisted human workflow","not LLM-specific from available metadata","machine translation assistance in human-machine collaborative translation","human-machine collaborative translation/cognitive load","Chinese-English collaborative translation with machine translation support","Chinese-English","news; medium complexity texts; medical thesis texts","eye-tracking experiment texts","fixation time; regressions; fixation points; saccades; Wilcoxon tests","yes","not clear from available metadata","not reported in search result","not applicable","not clear","not clear","Eye-tracking results suggest human-machine collaborative translation can reduce several eye-movement indicators relative to unaided human translation, while revision phases still concentrate cognitive load.","Not LLM-specific; use as NMT/MT human workflow comparator rather than LLM-specific evidence.","Official Frontiers article page verified on 2026-06-11; exact MT system and participant details need extraction.","Human experiment; ethics details need verification.","cognitive load; eye-tracking; human-machine collaboration; NMT/MT comparator","Useful comparator for LLM-assisted cognitive load studies."
"C007","Machine Translation Meets Large Language Models: Evaluating ChatGPT's Ability to Automatically Post-Edit Literary Texts","Lieve Macken","2024","Proceedings of the 1st Workshop on Creative-text Translation and Technology","ACL Anthology","","https://aclanthology.org/2024.ctt-1.7/","peer-reviewed","conference paper","include","include_for_full_review","","NMT + ChatGPT post-editor compared with professional post-editors","ChatGPT 4.0; GPT-4 family","DeepL commercial NMT","literary automatic post-editing/professional translator comparison","post-editing English-Dutch literary MT","English-Dutch","literary translation","three short stories; professional post-edited versions","CharCut; TER; COMET; BERTScore; MATTR; manual error/edit typology","yes","yes; professional literary translators","23 professional translators in source dataset; 7-8 per text","yes; prompts in appendices","not clear","not clear","ChatGPT made more changes than human post-editors, improved lexical richness, but corrected fewer MT errors and introduced more problems than professionals.","Domain-specific literary quality and small text set limit generalization; ChatGPT over-editing is a key risk.","Prompts reported; data availability needs extraction.","Professional translator role remains essential in literary translation; risk of undesirable AI edits.","professional translators; literary translation; ChatGPT post-editing; over-editing","High-value evidence for professional translator comparison."
"C008","Mind the cognitive load gap: Student translators' cognitive demands and translation behaviors in GenAI-assisted legal translation","Bo-Ren Mau; Yi-Ping Wu; Hui-Hsien Feng","2026","System","ScienceDirect","10.1016/j.system.2026.104033","https://www.sciencedirect.com/science/article/pii/S0346251X26000643","peer-reviewed","journal article","include","include_for_full_review_metadata_pending","","GenAI-assisted human workflow","GenAI tools including ChatGPT and Claude","legal translation workflow","GenAI-assisted legal translation/cognitive load","student translators using GenAI in legal translation training","not specified in search snippet","legal translation; translation education","university regulations legal translation task; verify full text","cognitive load; translation behavior; epistemic network analysis; verify full text","yes","no; student translators","not reported in search snippet","not clear","not clear","not clear","Investigates cognitive load profiles and translation behaviors in GenAI-assisted legal translation training, identifying engaged-but-strained and focused-efficient learner groups.","Education-oriented and student-focused; full participant/task details need full-text extraction after official metadata confirmation.","Public DOI/title spot-check did not verify the record on 2026-06-11; official ScienceDirect/Crossref metadata should be supplied before submission.","Legal translation is high-stakes; AI assistance and student competence raise training/accountability concerns.","cognitive load; GenAI-assisted translation; legal translation; student translators","Important human-workflow candidate, but currently metadata-pending."
"D001","Exploring ChatGPT's potential for augmenting post-editing in machine translation across multiple domains: challenges and opportunities","Jeehaan Algaraady; Mohammad Mahyoob","2025","Frontiers in Artificial Intelligence","Frontiers","10.3389/frai.2025.1526293","https://doi.org/10.3389/frai.2025.1526293","peer-reviewed","journal article","include","include_for_full_review","","NMT + ChatGPT post-editor + human comparison","ChatGPT-4o","Google Translate neural MT baseline","multi-domain post-editing","ChatGPT-4o and human post-editing of Google Translate English-Arabic output","English-Arabic","sports; business; medical; literary; idioms","6203 English words and Arabic Google Translate/human PE/ChatGPT PE versions","fluency; accuracy; efficiency; terminology; consistency; coherence; grammar; culture; appropriateness; t-test; IAA","yes","yes; professional human translators and editors","2 human post-editors; 3 human editors","yes; prompt engineering tested","not clear","not clear","ChatGPT-4o shows potential as a post-editing assistant across domains but remains challenged by culture, idioms, and domain-sensitive translation.","Small dataset and English-Arabic focus; human evaluation design needs full extraction.","Open-access article; data availability and prompts need extraction.","Domain/cultural appropriateness and human oversight are central.","multi-domain MTPE; ChatGPT-4o; human comparison; English-Arabic","Adds Frontiers source and Arabic domain evidence."
"D002","Reasoning-Guided LLM Translation Optimization: A Framework Using Multidimensional Postediting Feedback","Yan Huang; Xiaogang Zang; Chenyang Ji; Zhuo Chen","2025","International Journal of Intelligent Systems","Wiley","10.1155/int/9971702","https://doi.org/10.1155/int/9971702","peer-reviewed","journal article","include","include_for_full_review_metadata_pending","","LLM translation optimization with synthetic feedback","GLM-4 used to generate feedback; optimization model details to extract","LLM translation baseline; verify full text","reasoning-guided post-editing feedback","multidimensional post-editing feedback for LLM translation optimization","Chinese-English; German-English; English-Chinese; English-German","general MT; verify domains","synthetic fine-grained post-editing feedback dataset","automatic MT metrics; feedback/error categories; verify full text","no direct human participants indicated","no","not applicable","yes","not clear","synthetic dataset to verify","MFPE uses MQM-inspired multidimensional feedback as reasoning signals to optimize LLM translations.","Synthetic feedback may encode evaluator/model bias; relation to real human post-editing needs scrutiny.","Public DOI/title spot-check did not verify the record on 2026-06-11; official Wiley/Crossref metadata should be supplied before submission.","Synthetic human-like feedback raises reliability/accountability questions.","reasoning-guided PE; synthetic feedback; MQM-inspired; LLM optimization","Metadata-pending evaluator-editor loop evidence."
"D003","What are the differences? A comparative study of generative artificial intelligence translation and human translation of scientific texts","Linling Fu; Lei Liu","2024","Humanities and Social Sciences Communications","Nature Portfolio","","https://www.nature.com/articles/s41599-024-03726-7","peer-reviewed","journal article","include","include_for_full_review","","GenAI direct translation vs human translation","ChatGPT 3.5","human translation comparator; no NMT system central","GenAI translation vs human translation","scientific text translation and revision via GenAI prompts","English-Chinese","scientific texts","19 human translations plus ChatGPT-generated translations; verify full text","lexical diversity; linguistic features; comparative analysis; verify full text","yes; human translator/student translations compared","student translators; verify full text","19 HT pieces reported","yes; prompt-based GenAIT model","not clear","not clear","Finds complementary strengths between ChatGPT 3.5 and human translators in scientific text translation.","Student translator comparator and scientific-text scope limit generalization; direct workflow measures limited.","Open-access Nature Portfolio article; data availability needs extraction.","Implications for translator training and language service providers.","GenAIT vs HT; scientific translation; human comparison; translator training","Adds Nature HSS source."
"D004","Machine Translation in the Era of Large Language Models: A Survey of Historical and Emerging Problems","Duygu Ataman; Alexandra Birch; Nizar Habash; Marcello Federico; Philipp Koehn; Kyunghyun Cho","2025","Information","MDPI","10.3390/info16090723","https://doi.org/10.3390/info16090723","peer-reviewed","survey article","include","include_for_background_and_citation_chaining","","survey/background","LLMs broadly","MT systems broadly","historical survey/open problems","historical and emerging MT problems in the LLM era","various","various","survey literature","survey synthesis","not applicable","not applicable","not applicable","not applicable","not applicable","not applicable","Surveys MT history and emerging LLM-era problems, including evaluation, domain adaptation, bias, low-resource languages, and document-level translation.","Broad historical survey rather than workflow-specific scoping review.","Useful comparator and citation-chaining source.","Discusses evaluation, bias, domain and real-life scenario concerns.","survey; historical MT; LLM-era problems; background","Use to differentiate this review's workflow-oriented contribution."
"D005","Document-Level Machine Translation with Large Language Models","Longyue Wang; Chenyang Lyu; Tianbo Ji; Zhirui Zhang; Dian Yu; Shuming Shi; Zhaopeng Tu","2023","EMNLP","ACL Anthology","10.18653/v1/2023.emnlp-main.1036","https://doi.org/10.18653/v1/2023.emnlp-main.1036","peer-reviewed","conference paper","include","include_for_full_review","","LLM direct translator/context-aware MT","GPT-3.5; GPT-4","commercial MT systems; document-level MT methods","document-level translation/context-aware prompting","document-level MT as discourse modeling testbed","not specified in search snippet; multiple benchmarks","document-level MT","released data and annotations reported","human evaluation; discourse benchmarks; prompt comparison","yes","not reported in abstract","not reported","yes","yes; data and annotations released","yes","GPT-3.5/GPT-4 show strong document-level MT potential and discourse modeling abilities, with context-aware prompting and human evaluation.","Prompting/design and benchmark coverage affect conclusions; direct workflow use with translators not central.","Data and annotations released via GitHub.","Document-level quality is harder to evaluate and may hide critical errors.","document-level MT; context-aware prompts; discourse; human evaluation","Fills missing foundational document-level LLM MT record."
"D006","Adaptive Machine Translation with Large Language Models","Yasmin Moslem; Rejwanul Haque; John D. Kelleher; Andy Way","2023","EAMT","ACL Anthology","","https://aclanthology.org/2023.eamt-1.22/","peer-reviewed","conference paper","include","include_for_full_review","","adaptive LLM translation with in-context examples","GPT-3.5; broader LLMs discussed","strong encoder-decoder MT systems; fuzzy matches","adaptive MT/translation memory/terminology","real-time adaptive MT using in-domain examples, fuzzy matches, and terminology","English-Arabic; English-Chinese; English-French; English-Kinyarwanda; English-Spanish","domain-specific scenarios","translation memories; fuzzy matches; verify full text","automatic MT quality metrics; verify full text","no direct human participants indicated","not applicable","not applicable","yes","not clear","not clear","Few-shot in-context learning and fuzzy matches can adapt LLM output to domain/style and terminology at inference time.","May focus on automatic metrics rather than professional workflow outcomes.","Prompt examples and data details need full extraction.","Use of approved translation memories raises data/privacy considerations in real workflows.","adaptive MT; translation memory; terminology; in-context learning","Key workflow bridge between TM/CAT and LLMs."
"D007","Is ChatGPT A Good Translator? Yes With GPT-4 As The Engine","Wenxiang Jiao; Wenxuan Wang; Jen-tse Huang; Xing Wang; Shuming Shi; Zhaopeng Tu","2023","arXiv","arXiv","10.48550/arXiv.2301.08745","https://arxiv.org/abs/2301.08745","preprint","preprint","include","include_for_full_review_high_value_preprint","","LLM direct translator/evaluation","ChatGPT GPT-3.5; GPT-4","Google Translate and commercial MT comparators","direct translation/prompting/robustness","prompted machine translation and pivot prompting","multiple high-resource, low-resource, distant languages","general; biomedical abstracts; Reddit comments; spoken language","benchmark test sets; verify full text","automatic metrics; human analysis","yes; human analysis reported","not reported","not reported","yes","yes; GitHub project reported","yes","Early evaluation finds ChatGPT competitive for high-resource languages but weaker on low-resource/distant languages and robustness, with GPT-4 reducing hallucination/mistranslation errors.","Preprint status and rapid model changes limit stability.","Code/data reportedly available via GitHub.","Hallucination and robustness are central risk issues.","direct translation; prompt design; robustness; hallucination; high-value preprint","Keep but label preprint in final corpus."
"D008","Instruction-tuned Large Language Models for Machine Translation in the Medical Domain","Miguel Rios","2025","Machine Translation Summit / arXiv","ACL Anthology/arXiv","10.48550/arXiv.2408.16440","https://arxiv.org/abs/2408.16440","conference/preprint_to_verify","conference paper/preprint","include","include_for_full_review","","instruction-tuned LLM for domain MT","instruction-tuned LLMs; verify exact models","baseline LLMs; standard NMT models discussed","medical domain MT/terminology","instruction tuning with specialized medical dictionaries for MT","not specified in search snippet","medical domain","medical instruction-formatted datasets with terminology; verify full text","automatic MT metrics","no direct human evaluation indicated","not applicable","not applicable","yes","not clear","not clear","Terminology-informed instruction-tuned LLMs outperform baseline LLMs in specialized medical MT according to automatic metrics.","Preprint/conference metadata and exact benchmark details need verification; lacks workflow/user measures.","Artifact availability needs extraction.","Medical terminology accuracy is high-stakes.","medical MT; terminology; instruction tuning; domain adaptation","Adds medical-domain specialized translation evidence."
"D009","What do Large Language Models Need for Machine Translation Evaluation?","Shenbin Qian; Archchana Sindhujan; Minnie Kabra; Diptesh Kanojia; Constantin Orasan; Tharindu Ranasinghe; Frederic Blain","2024","EMNLP","ACL Anthology","10.18653/v1/2024.emnlp-main.214","https://aclanthology.org/2024.emnlp-main.214/","peer-reviewed","conference paper","include","include_for_full_review","","LLM evaluator/information ablation","LLMs for evaluation; exact models to extract","MT outputs","MT evaluation/information needs","what source/reference/errors/guidelines LLMs need for MT quality evaluation","not specified in search snippet","MT evaluation","evaluation datasets; verify full text","correlation/alignment with human evaluation; verify full text","yes; human evaluation references/labels likely","not applicable","not applicable","yes","not clear","not clear","Explores what translation information LLMs need to evaluate MT quality, extending prompt and evaluator design questions.","Model/prompt dependence and evaluation-data choice need full extraction.","ACL peer-reviewed record; artifact status to verify.","Automated evaluation design affects accountability and over-trust.","LLM-as-evaluator; prompt information; MT evaluation","Adds EMNLP source to evaluation cluster."
"D010","Effective Neural Machine Translation with Human Post-Editing of Chinese Intangible Cultural Heritage Corpus into English","Liping Jiang; Bingbing Wei; Ghayth Kamel Shaker Al-Shaibani","2025","SAGE Open","SAGE","10.1177/21582440251386954","https://doi.org/10.1177/21582440251386954","peer-reviewed","journal article","include","include_for_full_review_as_nmt_comparator","","NMT + human post-editing comparator","not LLM-specific","Baidu Translate; Youdao Translate","NMT post-editing/cultural heritage","human post-editing of Chinese intangible cultural heritage MT into English","Chinese-English","intangible cultural heritage","ICH corpus; verify full text","translation quality/error analysis; verify full text","yes","human translators; verify expertise","not reported in snippet","not applicable","not clear","not clear","Shows the necessity and effectiveness of human post-editing for culturally specific NMT output.","Not LLM-specific; use as NMT human-PE comparator and cultural-domain bridge.","Details need full extraction.","Cultural adequacy and heritage translation need human expertise.","NMT comparator; human post-editing; cultural heritage; Chinese-English","Useful comparator for LLM PE claims."
"D011","Creating Terminological Correspondence Recognition Tests with GPT-4: A Case Study in English-to-Turkish Translations in the Engineering Domain","Marina Sanchez-Torron; Egemen Ipek; Vanessa Enriquez Raido","2025","International Journal of Artificial Intelligence in Education","Springer","10.1007/s40593-025-00465-x","https://doi.org/10.1007/s40593-025-00465-x","peer-reviewed","journal article","include","include_for_full_review","","GPT-4 for translator assessment/terminology tests","GPT-4","MT/HITL translation workflow context","terminology/translator competence testing","GPT-4-generated MCQs for terminological equivalence recognition","English-Turkish","engineering domain","terminology correspondence recognition tests","translator competence/terminology assessment; full experimental metrics to extract","yes; assessment-oriented study","translator education/LSP expertise assessment context","not reported in search snippet","yes","not clear","not clear","Uses GPT-4 to automate terminology recognition test generation for translator expertise in HITL specialized translation workflows; resulting tests are useful but not fit for direct implementation without refinement.","Assessment/education focus rather than MT system evaluation; experimental details need full extraction.","Open-access article; artifacts need verification.","Automated translator assessment raises validity and fairness concerns.","terminology; GPT-4; translator competence; engineering translation","Metadata verified; e-pub ahead of print on 10 Mar 2025."
"D012","Preliminary evaluation of ChatGPT as a machine translation engine and as an automatic post-editor of raw machine translation output from other machine translation engines","Michael Farrell","2023","Proceedings of the International Conference HiT-IT 2023","HiT-IT proceedings","10.26615/issn.2683-0078.2023_009","https://doi.org/10.26615/issn.2683-0078.2023_009","peer-reviewed/proceedings","conference paper","include","include_for_full_review","","ChatGPT as MT engine and APE tool","free-plan ChatGPT","DeepL Translator; Google Translate; pay-for DeepL output for APE","direct translation/automatic post-editing","ChatGPT translation and automatic monolingual/bilingual post-editing of raw MT output","English-Italian","Wikipedia articles","single language pair and one genre","human evaluation; lexical variety marker; manual rather than automatic evaluation","yes","not reported","not reported","yes","not clear","not clear","Early evaluation finds DeepL best, Google second, ChatGPT last as MT engine; ChatGPT APE reached or exceeded average human-translation lexical variety under limited conditions.","Very preliminary: one language pair, one genre, free-plan ChatGPT, one MT marker, and no broad MTPE quality assessment.","Proceedings PDF and DOI verified; artifacts unclear.","Model/version drift and overgeneralization risk are high.","ChatGPT; APE; direct MT; preliminary evaluation; HiT-IT","Metadata verified: pages 108-113, Naples, 7-9 July 2023."
"D013","Human Evaluation for Translation Quality of ChatGPT: A Preliminary Study","Yanqing Zhao; Min Zhang; Xiaoyu Chen; Yadong Deng; Aiju Geng; Limin Liu; Xiaoqin Liu; Wei Li; Yanfei Jiang; Hao Yang; Yu Han; Shimin Tao; Ning Xie; Xiaochun Li; Miaomiao Ma; Zhaodi Zhang","2023","Proceedings of the International Conference HiT-IT 2023","HiT-IT proceedings","10.26615/issn.2683-0078.2023_023","https://doi.org/10.26615/issn.2683-0078.2023_023","peer-reviewed/proceedings","conference paper","include","include_for_full_review","","human evaluation of ChatGPT MT","ChatGPT","Google Translate; Huawei Translate","human evaluation/translation quality","human Direct Assessment of ChatGPT translation quality versus commercial systems","WMT22 General MT; WMT22 biomedical; WMT22 ICT domains","general; biomedical; ICT","WMT22 general, biomedical, and ICT data","Direct Assessment human evaluation","yes","Huawei Translation Services Center evaluators; details to extract","not reported","not applicable","not clear","not clear","Finds ChatGPT broadly comparable with standard translation models, especially general-domain MT, but weaker for domain-specific terminology and style in ICT and biomedical domains.","Preliminary study; short paper; full evaluator protocol and language-pair details need extraction.","Proceedings PDF and DOI verified; artifacts unclear.","Domain terminology and style failure are high-stakes in specialized translation.","human evaluation; ChatGPT; Direct Assessment; domain comparison; HiT-IT","Metadata verified: pages 282-287, Naples, 7-9 July 2023."
"D014","Enabling Human-Centered Machine Translation Using Concept-Based Large Language Model Prompting and Translation Memory","Ming Qian; Chuiqing Kong","2024","Artificial Intelligence in HCI: HCII 2024 Proceedings, Part III","Springer LNCS/LNAI proceedings","","https://link.springer.com/book/10.1007/978-3-031-60615-1","peer-reviewed/proceedings","conference proceedings chapter","include","include_for_full_review","","human-centered LLM-augmented MT workflow","GPT-4","Google Translate; human translators; human reference translation comparator","human-centered MT/concept prompting/translation memory","pre-editing instructions, concept-based interactive post-editing, and concept archiving in translation memories","English-Chinese","concept-sensitive translation examples; verify full text","HCII chapter examples; pages 118-134","Likert ratings by two evaluators; performance equivalence/adherence to human guidance; verify full text","yes","human translators/evaluators; verify details","2 evaluators reported in accessible snippet","yes","not clear","not clear","Evaluates a concept-based human-machine collaborative MT workflow using GPT-4 prompting and translation memory; concept-based interactive PE outperforms traditional MT and a human-reference-based alternative in reported tests.","Proceedings chapter; small examples/evaluator count likely limit generalizability; chapter DOI needs verification.","Publication status verified as HCII 2024 Springer proceedings chapter; book DOI 10.1007/978-3-031-60615-1.","Human experts still needed for abductive reasoning and prompt design.","human-centered MT; GPT-4; concept prompting; translation memory; interactive post-editing","Moved from pending candidate to formal extraction after metadata verification."
"G001","Low-Resource Machine Translation through Retrieval-Augmented LLM Prompting: A Study on the Mambai Language","Raphael Merx; Aso Mahmudi; Katrina Langford; Leo Alberto de Araujo; Ekaterina Vylomova","2024","Proceedings of the 2nd Workshop on Resources and Technologies for Indigenous, Endangered and Lesser-resourced Languages in Eurasia (EURALI) @ LREC-COLING 2024","ACL Anthology","","https://aclanthology.org/2024.eurali-1.1/","peer-reviewed/proceedings","conference paper","include","include_for_full_review","","retrieval-augmented LLM prompting for low-resource MT","GPT-4; Llama 2 70B; Mixtral 8x7B","few-shot prompting with dictionary entries and retrieved examples","low-resource MT/RAG prompting","English-to-Mambai translation with dictionary and example retrieval","English-Mambai","low-resource Austronesian language; Timor-Leste","Mambai corpus from language manual plus native-speaker test set","BLEU; comparison across retrieval strategies; native-speaker material comparison","limited; native-speaker data used","native speaker involved in data/test material","not reported","yes","not clear","corpus reportedly made available","Dictionary entries and mixed TF-IDF/semantic retrieval improved scores, but performance varied sharply between manual-derived and native-speaker test sets.","Low-resource corpus is small and domain-sensitive; BLEU may underrepresent acceptability; generalizability limited.","ACL page verified; no DOI listed on ACL page.","Low-resource MT requires community-sensitive corpus design and avoids overclaiming from narrow test sets.","low-resource; retrieval-augmented prompting; dictionary; Mambai; GPT-4; open-source LLMs","Gap-fill addition for low-resource/RAG prompting."
"G002","Shortcomings of LLMs for Low-Resource Translation: Retrieval and Understanding Are Both the Problem","Sara Court; Micha Elsner","2024","Proceedings of the Ninth Conference on Machine Translation","ACL Anthology","10.18653/v1/2024.wmt-1.125","https://aclanthology.org/2024.wmt-1.125/","peer-reviewed/proceedings","conference paper","include","include_for_full_review","","low-resource translation with retrieved linguistic context","pretrained LLMs; model details to extract","retrieval from dictionaries, grammar lessons, and parallel corpora","low-resource MT/knowledge retrieval","Southern Quechua-to-Spanish translation using retrieved linguistic resources","Southern Quechua-Spanish","low-resource Indigenous language","digitized pedagogical materials; dictionaries; grammar lessons; parallel corpora","automatic evaluation; human evaluation; ablation by context type/retrieval method/model","yes","not reported","not reported","yes","not clear","not clear","Shows that relevant context can help LLMs translate low-resource language text, but retrieval method, context type, model, and language-community factors strongly constrain performance.","Specific language pair and available resources may not generalize; retrieval and comprehension limitations remain entangled.","ACL DOI and pages 1332-1354 verified.","Highlights risk of presenting LLMs as universal translators for communities with limited digital resources.","low-resource; retrieval; human evaluation; Indigenous languages; WMT","Gap-fill addition for low-resource limitations."
"G003","Tuning LLMs with Contrastive Alignment Instructions for Machine Translation in Unseen, Low-resource Languages","Zhuoyuan Mao; Yen Yu","2024","Proceedings of the Seventh Workshop on Technologies for Machine Translation of Low-Resource Languages (LoResMT 2024)","ACL Anthology","10.18653/v1/2024.loresmt-1.1","https://aclanthology.org/2024.loresmt-1.1/","peer-reviewed/proceedings","conference paper","include","include_for_full_review","","instruction tuning/alignment for low-resource MT","BLOOMZ-family LLMs; verify full text","MTInstruct; AlignInstruct; discriminator/generative alignment instructions","low-resource adaptation/instruction tuning","machine translation in unseen low-resource languages and zero-shot directions","multiple low-resource languages; verify full text","low-resource multilingual MT","up to 24 unseen languages and 48 directions reported in ACL abstract snippet","automatic MT metrics; zero-shot direction comparison","no","not applicable","not applicable","yes","not clear","not clear","Contrastive alignment instructions improve translation quality across many unseen or zero-shot low-resource directions.","Workshop paper; model family and benchmark details require full extraction.","ACL DOI and pages 1-25 verified.","Useful for equity-oriented MT design but requires careful claims about unseen languages.","low-resource; instruction tuning; contrastive alignment; zero-shot MT","Gap-fill addition for low-resource adaptation."
"G004","Fine-grained Gender Control in Machine Translation with Large Language Models","Minwoo Lee; Hyukhun Koh; Minsung Kim; Kyomin Jung","2024","Proceedings of NAACL 2024: Human Language Technologies, Volume 1","ACL Anthology","10.18653/v1/2024.naacl-long.303","https://aclanthology.org/2024.naacl-long.303/","peer-reviewed/proceedings","conference paper","include","include_for_full_review","","controlled LLM translation with entity-level gender information","LLMs; model details to extract","gender-of-entity prompting; comparison with MT systems","fairness/gender control","translation with multiple gender-ambiguous entities and target-language gender inflection","language pairs to extract","gender-sensitive MT","gender-control benchmark/data to extract","gender accuracy; translation quality; LLM-as-evaluator for gender inflection","no","not applicable","not applicable","yes","not clear","not clear","Proposes fine-grained entity-level prompting for gender control and identifies gender interference when multiple entities are controlled.","Focuses on gender morphology; full applicability depends on language coverage and evaluation design.","ACL DOI and pages 5416-5430 verified.","Gender control is a workflow requirement when translation output affects identity representation.","gender bias; gender control; prompting; LLM evaluator; fairness","Gap-fill addition for fairness/gender control."
"G005","Translate With Care: Addressing Gender Bias, Neutrality, and Reasoning in Large Language Model Translations","Pardis Sadat Zahraei; Ali Emami","2025","Findings of the Association for Computational Linguistics: ACL 2025","ACL Anthology","10.18653/v1/2025.findings-acl.26","https://aclanthology.org/2025.findings-acl.26/","peer-reviewed/proceedings","conference paper","include","include_for_full_review","","gender bias and reasoning evaluation in MT","GPT-4; mBART-50; NLLB-200; Google Translate","comparison of LLM and NMT systems; fine-tuned mBART-50","fairness/gender bias/reasoning","translation of genderless content into gender-marked outputs","English to/from Persian, Indonesian, Finnish and additional low/mid-resource languages; verify full text","genderless-to-gendered translation","Translate-with-Care dataset with 3950 scenarios","gender choice distribution; reasoning/coherence errors; model comparison","no","not applicable","not applicable","yes","not clear","dataset likely available; verify full text","Finds broad gender stereotyping and reasoning errors, with GPT-4 and Google Translate favoring masculine pronouns in leadership/professional contexts; fine-tuned mBART-50 reduces bias.","Dataset is specialized to constructed challenge scenarios; downstream workflow validation still needed.","ACL DOI and pages 476-501 verified.","Raises fairness, representation, and accountability risks for MT workflow deployment.","gender bias; fairness; reasoning; GPT-4; NLLB; Google Translate","Gap-fill addition for fairness and reasoning."
"G006","Mitigating Hallucinated Translations in Large Language Models with Hallucination-focused Preference Optimization","Zilu Tang; Rajen Chatterjee; Sarthak Garg","2025","Proceedings of NAACL 2025: Human Language Technologies, Volume 1","ACL Anthology","10.18653/v1/2025.naacl-long.175","https://aclanthology.org/2025.naacl-long.175/","peer-reviewed/proceedings","conference paper","include","include_for_full_review","","hallucination-focused preference optimization for LLM MT","fine-tuned LLMs; verify full text","preference datasets; hallucination-focused optimization","hallucination mitigation/safety","mitigating hallucinated translations across language pairs","five language pairs plus unseen target languages; verify full text","general MT safety","hallucination-focused preference datasets","hallucination rate; translation quality metrics; zero-shot evaluation","no","not applicable","not applicable","not clear","not clear","not clear","Reports large reductions in hallucinated translations while preserving translation quality, framing hallucination as a trust and safety issue for LLM-based MT.","Requires full text extraction for model details, language pairs, and hallucination definition.","ACL DOI and pages 3410-3433 verified.","Hallucinated translation can undermine user trust and safety, especially in high-stakes domains.","hallucination; preference optimization; safety; trust; LLM MT","Gap-fill addition for hallucination and safety."
"G007","Can Large Language Models Learn Translation Robustness from Noisy-Source In-context Demonstrations?","Leiyu Pan; Yongqi Leng; Deyi Xiong","2024","Proceedings of LREC-COLING 2024","ACL Anthology","","https://aclanthology.org/2024.lrec-main.249/","peer-reviewed/proceedings","conference paper","include","include_for_full_review","","robustness learning from noisy-source in-context demonstrations","LLMs; model details to extract","similarity-based in-context learning; noisy-source demonstrations","robustness/noisy input","translation of noisy source sentences using demonstrations with controlled noise ratios","languages to extract","noisy-source MT robustness","multiple models, languages, and noise types","automatic translation metrics by noise setting","no","not applicable","not applicable","yes","not clear","not clear","Shows that LLMs can learn some robustness behavior from noisy-source demonstrations, but performance varies by noise type and setting.","ACL page has no DOI; full extraction needed for language/model details.","ACL page verified: pages 2798-2808.","Noisy real-world inputs affect reliability in professional workflows.","robustness; noisy input; in-context learning; demonstrations; LLM MT","Gap-fill addition for robustness."
"G008","LAMBDA: Large Language Model-Based Data Augmentation for Multi-Modal Machine Translation","Yusong Wang; Dongyuan Li; Jialun Shen; Yicheng Xu; Mingkun Xu; Kotaro Funakoshi; Manabu Okumura","2024","Findings of the Association for Computational Linguistics: EMNLP 2024","ACL Anthology","10.18653/v1/2024.findings-emnlp.893","https://aclanthology.org/2024.findings-emnlp.893/","peer-reviewed/proceedings","conference paper","include","include_for_full_review","","LLM-based data augmentation for multimodal MT","LLMs; model details to extract","data augmentation for image-text-translation triplets","multimodal MT/data augmentation","augmenting multimodal MT data to improve image-conditioned translation","language pairs to extract","multimodal machine translation","MMT benchmark/data to extract","automatic MMT metrics; ablations to extract","no","not applicable","not applicable","yes","not clear","not clear","Uses LLM-based augmentation to address scarce triplet training data and improve multimodal MT.","More model/dataset details require full text; multimodal MT may be adjacent to rather than central to translator workflows.","ACL DOI and pages 15240-15253 verified.","Visual context can reduce ambiguity but may introduce modality-specific errors.","multimodal MT; data augmentation; image context; LLM","Gap-fill addition for multimodal MT."
"G009","Document Image Machine Translation with Dynamic Multi-pre-trained Models Assembling","Yupu Liang; Yaping Zhang; Cong Ma; Zhiyang Zhang; Yang Zhao; Lu Xiang; Chengqing Zong; Yu Zhou","2024","Proceedings of NAACL 2024: Human Language Technologies, Volume 1","ACL Anthology","10.18653/v1/2024.naacl-long.392","https://aclanthology.org/2024.naacl-long.392/","peer-reviewed/proceedings","conference paper","include","include_for_full_review","","document image MT with multiple pretrained models","pretrained vision/text/MT models; not necessarily LLM-centered","dynamic multi-pretrained model assembling","document-image/multimodal MT","end-to-end translation of rich-text document images","language pairs to extract","scientific document images; rich text","DoTA dataset with 126K image-translation pairs","automatic MT/DIMT metrics; ablation","no","not applicable","not applicable","not clear","not clear","dataset likely reported; verify full text","Builds a large document-image MT dataset and shows feasibility of translating rich-text document images using assembled pretrained models.","Adjacent to LLM workflow focus; included because document-image MT is a missing modality and document-processing workflow risk.","ACL DOI and pages 7084-7095 verified.","Layout and visual-text interaction complicate translation quality and evaluation.","document image MT; multimodal; pretrained models; layout; DoTA","Gap-fill addition for document-image translation."
"G010","Simultaneous Machine Translation with Large Language Models","Minghan Wang; Thuy-Trang Vu; Jinming Zhao; Fatemeh Shiri; Ehsan Shareghi; Gholamreza Haffari","2024","Proceedings of the 22nd Annual Workshop of the Australasian Language Technology Association","ACL Anthology","","https://aclanthology.org/2024.alta-1.7/","peer-reviewed/proceedings","conference paper","include","include_for_full_review","","LLM-based simultaneous MT","Llama2-7b-chat","incremental decoding; RALCP latency reduction","simultaneous MT/real-time workflow","simultaneous translation on MUST-C languages","nine languages from MUST-C; verify exact directions","speech/real-time translation setting","MUST-C dataset","BLEU; LAAL; latency-quality trade-off","no","not applicable","not applicable","yes","not clear","not clear","Finds LLMs can outperform dedicated MT models on quality and latency metrics in the tested SimulMT setup, but computational cost remains a major obstacle.","Real-time deployment cost and latency constraints limit practical adoption; DOI absent on ACL page.","ACL page verified: pages 89-103.","Latency, robustness, and cost are central workflow constraints for live translation.","simultaneous MT; latency; Llama2; robustness; real-time","Gap-fill addition for simultaneous/real-time MT."
"G011","How Much Data is Enough Data? Fine-Tuning Large Language Models for In-House Translation: Performance Evaluation Across Multiple Dataset Sizes","Inacio Vieira; Will Allred; Seamus Lankford; Sheila Castilho; Andy Way","2024","Proceedings of the 16th Conference of the Association for Machine Translation in the Americas, Volume 1: Research Track","ACL Anthology","","https://aclanthology.org/2024.amta-research.20/","peer-reviewed/proceedings","conference paper","include","include_for_full_review","","enterprise translation-memory fine-tuning","Llama 3 8B Instruct","fine-tuning with organization-specific translation memories","enterprise/in-house MT adaptation","fine-tuning LLMs for hyper-specific in-house translation tasks","English to Brazilian Portuguese, Czech, German, Finnish, and Korean","software sector; organization-specific translation","translation memories from a specific organization; 1k to 100k+ segments","BLEU; chrF++; TER; COMET","no","not applicable","not applicable","not applicable","not clear","not clear","Shows larger TM fine-tuning datasets substantially improve translation quality, while very small datasets may degrade performance.","Single organizational sector; automatic metrics dominate; no professional translator productivity data reported in abstract.","ACL page verified: pages 236-249.","Enterprise TM reuse raises data governance and confidentiality questions even when not the paper's main focus.","translation memory; fine-tuning; enterprise MT; Llama 3; in-house translation","Gap-fill addition for enterprise TM-based adaptation."
